,repo_names
0,microsoft/react-native-windows
1,microsoft/fast
2,microsoft/Application-Insights-Workbooks
3,microsoft/gctoolkit
4,microsoft/winget-cli-restsource
5,microsoft/playwright
6,microsoft/kiota
7,microsoft/CBL-Mariner
8,microsoft/vscode-jupyter
9,microsoft/STL
10,microsoft/hcsshim
11,microsoft/vscode
12,microsoft/MCW-Building-a-resilient-IaaS-architecture
13,microsoft/fluentui
14,microsoft/VFSForGit
15,microsoft/PartnerResources
16,microsoft/WindowsAppSDK
17,microsoft/botframework-cli
18,microsoft/Oryx
19,microsoft/community-organization-operations-suite
20,microsoft/onnxruntime
21,microsoft/CCF
22,microsoft/FS-Mol
23,microsoft/vs-extension-testing
24,microsoft/presidio
25,microsoft/vscode-dev-containers
26,microsoft/msphpsql
27,microsoft/cadl
28,microsoft/SynapseML
29,microsoft/microsoft-ui-xaml
30,microsoft/responsible-ai-widgets
31,microsoft/Git-Credential-Manager-Core
32,microsoft/playwright-dotnet
33,microsoft/vscode-docs
34,microsoft/vcpkg
35,microsoft/vscode-languageserver-node
36,microsoft/language-server-protocol
37,microsoft/vscode-markdown-tm-grammar
38,microsoft/fhir-server
39,microsoft/winget-pkgs
40,microsoft/fluentui-android
41,microsoft/rnx-kit
42,microsoft/electionguard-python
43,microsoft/cascadia-code
44,microsoft/windows-rs
45,microsoft/tutel
46,microsoft/react-native-macos
47,microsoft/google-play-vsts-extension
48,microsoft/archai
49,microsoft/msquic
50,microsoft/PowerToys
51,microsoft/com-rs
52,microsoft/vs-pty.net
53,microsoft/vcpkg-tool
54,microsoft/DirectXShaderCompiler
55,microsoft/azuredatastudio
56,microsoft/vstest
57,microsoft/MCW-Line-of-business-application-migration
58,microsoft/hi-ml
59,microsoft/dicom-server
60,microsoft/jacdac-docs
61,microsoft/pxt
62,microsoft/graspologic
63,microsoft/iomt-fhir
64,microsoft/Azure_Synapse_Toolbox
65,microsoft/vscode-python
66,microsoft/AML-R-acceleration-template
67,microsoft/graphitation
68,microsoft/torchgeo
69,microsoft/qsharp-compiler
70,microsoft/ifc-spec
71,microsoft/appcenter-sdk-apple
72,microsoft/planetary-computer-apis
73,microsoft/CognitiveServicesLanguageUtilities
74,microsoft/charticulator
75,microsoft/vscode-eslint
76,microsoft/nni
77,microsoft/CsWinRT
78,microsoft/vscode-docker
79,microsoft/monaco-languages
80,microsoft/vscode-codicons
81,microsoft/compose-language-service
82,microsoft/api-guidelines
83,microsoft/healthcare-shared-components
84,microsoft/vscode-azurearmtools
85,microsoft/vscode-dts
86,microsoft/OpenEduAnalytics
87,microsoft/vscode-cordova
88,microsoft/QuantumLibraries
89,microsoft/QuantumKatas
90,microsoft/Quantum-NC
91,microsoft/Quantum
92,microsoft/qsharp-runtime
93,microsoft/qdk-python
94,microsoft/iqsharp
95,microsoft/Data-Science-For-Beginners
96,microsoft/navcontainerhelper
97,microsoft/clarity
98,microsoft/bookings-samples
99,microsoft/onnxruntime-inference-examples
100,microsoft/WindowsAppSDK-Samples
101,microsoft/azure-pipelines-tasks
102,microsoft/spacy-ann-linker
103,microsoft/fast-blazor
104,microsoft/azure-pipelines-agent
105,microsoft/vscode-generator-code
106,microsoft/pybryt
107,microsoft/coe-starter-kit
108,microsoft/DeepSpeed
109,microsoft/terminal
110,microsoft/dotnet-framework-docker
111,microsoft/LightGBM
112,microsoft/FASTER
113,microsoft/sarif-sdk
114,microsoft/azure_arc
115,microsoft/PowerPlatformConnectors
116,microsoft/ClinicalTrialsBlueprint
117,microsoft/lisa
118,microsoft/ai-python
119,microsoft/lightgbm-transform
120,microsoft/accessibility-insights-windows
121,microsoft/fluentui-react-native
122,microsoft/PSRule-vscode
123,microsoft/rushstack
124,microsoft/PSRule
125,microsoft/nn-Meter
126,microsoft/TypeScript-Website
127,microsoft/reverse-proxy
128,microsoft/azure-devops-symbols
129,microsoft/OMEX-Azure-DevOps-Extensions
130,microsoft/CBL-MarinerVulnerabilityData
131,microsoft/clrmd
132,microsoft/AL-Go
133,microsoft/AL-Go-AppSource
134,microsoft/AL-Go-PTE
135,microsoft/AL-Go-Actions
136,microsoft/K2Bridge
137,microsoft/Dynamics365Commerce.Solutions
138,microsoft/Dynamics365Commerce.InStore
139,microsoft/Dynamics365Commerce.ScaleUnit
140,microsoft/FluidHelloWorld
141,microsoft/vs-mef
142,microsoft/nnfusion
143,microsoft/python-inference-script
144,microsoft/qlib
145,microsoft/service-fabric-scripts-and-templates
146,microsoft/ImagineCup
147,microsoft/playwright.dev
148,microsoft/Bing-COVID-19-Data
149,microsoft/Cloud-PAW-Management
150,microsoft/Recognizers-Text
151,microsoft/Litmus
152,microsoft/AL
153,microsoft/OpenAPI.NET
154,microsoft/superbenchmark
155,microsoft/sarif-visualstudio-extension
156,microsoft/AzureAutomaticGradingEngine
157,microsoft/vs-threading
158,microsoft/vscode-vsce
159,microsoft/AppCenter-Test-Appium-Java-Extensions
160,microsoft/azure-tools-for-java
161,microsoft/DiskANN
162,microsoft/TypeScript
163,microsoft/onefuzz
164,microsoft/HittER
165,microsoft/FHIR-Converter
166,microsoft/react-native-test-app
167,microsoft/vscode-java-pack
168,microsoft/ALAppExtensions
169,microsoft/fundraising-and-engagement
170,microsoft/maro
171,microsoft/react-native-lazy-index
172,microsoft/nanotune
173,microsoft/AirSim
174,microsoft/WindowsProtocolTestSuites
175,microsoft/MSBuildForUnity
176,microsoft/FLAML
177,microsoft/FluidExamples
178,microsoft/vscode-cpptools
179,microsoft/vscode-cmake-tools
180,microsoft/wineryjs
181,microsoft/CoCosNet
182,microsoft/coyote
183,microsoft/vscode-gradle
184,microsoft/accessibility-insights-for-android-service
185,microsoft/azure-maven-plugins
186,microsoft/AdaptiveCards
187,microsoft/tsyringe
188,microsoft/VisualXpress
189,microsoft/TypeScript-DOM-lib-generator
190,microsoft/hcnproxyctrl
191,microsoft/pyright
192,microsoft/cpp_client_telemetry
193,microsoft/vscode-azurehealthcareapis-tools
194,microsoft/bonsai-batch
195,microsoft/swagger-ui
196,microsoft/AI-System
197,microsoft/powerbi-data-access-auditing
198,microsoft/PullRequestQuantifier
199,microsoft/unilm
200,microsoft/onnxruntime-extensions
201,microsoft/pmwcas
202,microsoft/opensource-portal
203,microsoft/Workbooks-Localization
204,microsoft/fhir-server-samples
205,microsoft/git
206,microsoft/scalar
207,microsoft/ai-python-package
208,microsoft/vscode-typescript-next
209,microsoft/WindowsTemplateStudio
210,microsoft/WebTemplateStudio
211,microsoft/Azure-Analytics-and-AI-Engagement
212,microsoft/Web-Dev-For-Beginners
213,microsoft/vscode-loc
214,microsoft/CameraTraps
215,microsoft/ML-For-Beginners
216,microsoft/cognitive-services-speech-sdk-js
217,microsoft/DynamicHead
218,microsoft/BosqueLanguage
219,microsoft/ClangSharp
220,microsoft/rural-crowdsourcing-toolkit
221,microsoft/rushstack.io-website
222,microsoft/ApplicationInsights-Java
223,microsoft/OpticSim.jl
224,microsoft/Windows-classic-samples
225,microsoft/project15
226,microsoft/project15-openplatform-functions
227,microsoft/project15-openplatform-webapp
228,microsoft/calculator
229,microsoft/IoT-For-Beginners
230,microsoft/Microsoft365DSC
231,microsoft/fhir-starter
232,microsoft/oea-dai-hack
233,microsoft/quantum-viz.js
234,microsoft/DiagManager
235,microsoft/MCW-Cloud-native-applications
236,microsoft/playwright-python
237,microsoft/nav-arm-templates
238,microsoft/code-with-engineering-playbook
239,microsoft/Reference-Guide-For-Quantum-Computing-A-Microsoft-Garage-Project
240,microsoft/recommenders
241,microsoft/TypeScript-Website-Localizations
242,microsoft/Windows-Camera
243,microsoft/pxt-common-packages
244,microsoft/FluidFramework
245,microsoft/MCW-Migrating-SQL-databases-to-Azure
246,microsoft/MLOS
247,microsoft/SEAL
248,microsoft/debug-adapter-protocol
249,microsoft/dist-ir
250,microsoft/Azure_Kinect_ROS_Driver
251,microsoft/vscode-webview-ui-toolkit
252,microsoft/table-transformer
253,microsoft/ebpf-for-windows
254,microsoft/node-pty
255,microsoft/AzurePolicyTestFramework
256,microsoft/datamations
257,microsoft/CsWin32
258,microsoft/powerplatform-actions
259,microsoft/binskim
260,microsoft/AIforEarthDataSets
261,microsoft/electionguard-api-python
262,microsoft/storywright
263,microsoft/2D-TAN
264,microsoft/testfx
265,microsoft/GSL
266,microsoft/verona
267,microsoft/Msdyn365.Commerce.Online
268,microsoft/pxt-jacdac
269,microsoft/BuildXL
270,microsoft/ApplicationInsights-JS
271,microsoft/AzureDevOpsDemoGenerator
272,microsoft/azuredevopslabs
273,microsoft/Megatron-DeepSpeed
274,microsoft/accessibility-insights-action
275,microsoft/DeepSpeedExamples
276,microsoft/UVAtlas
277,microsoft/DirectXMesh
278,microsoft/DirectXTK12
279,microsoft/DirectXTK
280,microsoft/Dynamics-365-Fraud-Protection-ManualReview
281,microsoft/electionguard
282,microsoft/moc
283,microsoft/vscode-js-debug
284,microsoft/DirectXTex
285,microsoft/BotBuilder-Samples
286,microsoft/moabian
287,microsoft/wil
288,microsoft/pxt-arcade
289,microsoft/SPTAG
290,microsoft/MCW
291,microsoft/MCW-Serverless-architecture
292,microsoft/MCW-Securing-Azure-IoT-solutions
293,microsoft/MCW-Modern-cloud-apps
294,microsoft/MCW-ML-Ops
295,microsoft/MCW-Migrating-Oracle-to-Azure-SQL-and-PostgreSQL
296,microsoft/MCW-Cosmos-DB-Real-Time-Advanced-Analytics
297,microsoft/MCW-Continuous-delivery-in-Azure-DevOps
298,microsoft/MCW-App-modernization
299,microsoft/SqlNexus
300,microsoft/mssql-jdbc
301,microsoft/busiotools
302,microsoft/vscode-azurelogicapps
303,microsoft/cppgraphqlgen
304,microsoft/CromwellOnAzure
305,microsoft/CLRInstrumentationEngine
306,microsoft/delta-kusto
307,microsoft/Xaml-Controls-Gallery
308,microsoft/playwright-java
309,microsoft/microsoft-bonsai-api
310,microsoft/fluentui-apple
311,microsoft/react-native-windows-samples
312,microsoft/vscode-edge-devtools
313,microsoft/Windows-Machine-Learning
314,microsoft/axe-pipelines-samples
315,microsoft/accessibility-insights-web
316,microsoft/roosterjs
317,microsoft/Tools-for-Health-Data-Anonymization
318,microsoft/MCW-Enterprise-class-networking
319,microsoft/CEDAR.Core.Collector
320,microsoft/MCW-Hybrid-identity
321,microsoft/MCW-Implementing-Azure-Virtual-Desktop-in-the-enterprise
322,microsoft/ApplicationInsights-node.js
323,microsoft/PartsUnlimitedE2E
324,microsoft/MCW-SAP-HANA-on-Azure
325,microsoft/configmgr-hub-selfhost
326,microsoft/openjdk-docker
327,microsoft/PowerStig
328,microsoft/PowerApps-Samples
329,microsoft/AI
330,microsoft/vscode-pull-request-github
331,microsoft/ApplicationInsights-dotnet
332,microsoft/BotFramework-WebChat
333,microsoft/Azure-DCAP-Client
334,microsoft/botbuilder-dotnet
335,microsoft/vscode-github-triage-actions
336,microsoft/vscode-hexeditor
337,microsoft/Dynamics365-Xpp-Samples-Tools
338,microsoft/kiota-samples
339,microsoft/dtslint
340,microsoft/workspace-tools
341,microsoft/finance-advanced-analytics
342,microsoft/planetary-computer-sdk-for-python
343,microsoft/debugpy
344,microsoft/Build-OMS-Agent-for-Linux
345,microsoft/cross-tenant
346,microsoft/MCW-Leveraging-Azure-Digital-Twins-in-a-supply-chain
347,microsoft/vscode-jupyter-lsp-middleware
348,microsoft/FhirBlaze
349,microsoft/DacFx
350,microsoft/PowerShell-DSC-for-Linux
351,microsoft/Docker-Provider
352,microsoft/LiST
353,microsoft/PlanetaryComputer
354,microsoft/Dynamics365FO-AppChecker
355,microsoft/web-insights-service
356,microsoft/jacdac-msr-modules
357,microsoft/jacdac-c
358,microsoft/diskspd
359,microsoft/vscode-azure-account
360,microsoft/planetary-computer-hub
361,microsoft/jacdac-stm32x0
362,microsoft/microsoft-performance-toolkit-sdk
363,microsoft/msticpy
364,microsoft/OSSGadget
365,microsoft/Azure-Solution-Accelerator-Customer-Complaint-Management
366,microsoft/TestWinRT
367,microsoft/planetary-computer-containers
368,microsoft/atlas-design
369,microsoft/OMS-Agent-for-Linux
370,microsoft/KqlTools
371,microsoft/vscode-tye
372,microsoft/coe-alm-accelerator-templates
373,microsoft/msvc-code-analysis-action
374,microsoft/lightgbm-benchmark
375,microsoft/windows-app-rs
376,microsoft/pxt-microbit
377,microsoft/MixedRealityToolkit-Unity
378,microsoft/WinDbg-Samples
379,microsoft/win32metadata
380,microsoft/node-red-contrib-jacdac
381,microsoft/o365-moodle
382,microsoft/service-fabric
383,microsoft/pxt-maker
384,microsoft/vscode-custom-data
385,microsoft/azure-pipelines-yaml
386,microsoft/moc-sdk-for-go
387,microsoft/qlib-server
388,microsoft/DMF
389,microsoft/sql-server-samples
390,microsoft/botbuilder-java
391,microsoft/vssdktestfx
392,microsoft/appcenter-sdk-android
393,microsoft/SCMScaleUnitDevTools
394,microsoft/fluentui-storybook-addons
395,microsoft/AzureTRE
396,microsoft/SoftTeacher
397,microsoft/TextWorld
398,microsoft/PythonProgrammingPuzzles
399,microsoft/vscode-react-native
400,microsoft/Kusto-Query-Language
401,microsoft/TUTA_table_understanding
402,microsoft/AzureSearch-MRC
403,microsoft/SDR
404,microsoft/torchy
405,microsoft/surface-duo-sdk
406,microsoft/terraform-provider-azuredevops
407,microsoft/wpa
408,microsoft/NubesGen
409,microsoft/OLive
410,microsoft/gnls
411,microsoft/ModSecurity
412,microsoft/roman
413,microsoft/GLUECoS
414,microsoft/FHIR-Analytics-Pipelines
415,microsoft/VoxHRNet
416,microsoft/Guan
417,microsoft/botframework-emulator-nightlies
418,microsoft/DNS-Challenge
419,microsoft/RockPaperScissorsLizardSpock
420,microsoft/service-fabric-traefik
421,microsoft/cppwinrt
422,microsoft/winget-cli
423,microsoft/WSL
424,microsoft/AzureADToolkit
425,microsoft/vscode-java-test
426,microsoft/Microsoft-OpenXR-Unreal
427,microsoft/azure-pipelines-vscode
428,microsoft/mu_plus
429,microsoft/sqlmlutils
430,microsoft/react-jacdac
431,microsoft/sqltoolsservice
432,microsoft/fluentui-system-icons
433,microsoft/jacdac-ts
434,microsoft/jacdac
435,microsoft/azure-pipelines-language-server
436,microsoft/powerplatform-vscode
437,microsoft/fast-tooling
438,microsoft/OpenXR-Unity-MixedReality-Samples
439,microsoft/Zen
440,microsoft/StigRepo
441,microsoft/service-fabric-explorer
442,microsoft/botbuilder-js
443,microsoft/OMS-docker
444,microsoft/PyMarlin
445,microsoft/Dynamics-365-FastTrack-Implementation-Assets
446,microsoft/Intune-Resource-Access
447,microsoft/libHttpClient
448,microsoft/mimalloc
449,microsoft/DirectX-Headers
450,microsoft/libdxg
451,microsoft/service-fabric-observer
452,microsoft/MCW-SAP-plus-extend-and-innovate
453,microsoft/surface-duo-compose-samples
454,microsoft/EasyRepro
455,microsoft/mssql-django
456,microsoft/TeamCloud-Providers
457,microsoft/configmgr-hub-firstparty
458,microsoft/MCW-Template-Cloud-Workshop
459,microsoft/fastseq
460,microsoft/vscode-azurestaticwebapps
461,microsoft/perfview
462,microsoft/docker
463,microsoft/gadgetron-azure
464,microsoft/CEDAR.GitHub.Collector
465,microsoft/azure-software-radio
466,microsoft/snmalloc
467,microsoft/hermes-windows
468,microsoft/pgtoolsservice
469,microsoft/VerifiableCredential-SDK-iOS
470,microsoft/hibernation-setup-tool
471,microsoft/durabletask-mssql
472,microsoft/xbox-live-unity-plugin
473,microsoft/vscode-extension-telemetry
474,microsoft/vscode-mock-debug
475,microsoft/maker-stl-gen
476,microsoft/tabster
477,microsoft/axe-sarif-converter
478,microsoft/ClearScriptWorkerSample
479,microsoft/MixedReality-WorldLockingTools-Unity
480,microsoft/emerging-opportunities
481,microsoft/Chestist
482,microsoft/glTF-SDK
483,microsoft/starter-workflows
484,microsoft/vscode-textmate
485,microsoft/sarif-vscode-extension
486,microsoft/BingMapsRESTToolkit
487,microsoft/dstoolkit-mlops-base
488,microsoft/vs-streamjsonrpc
489,microsoft/MSBuildLocator
490,microsoft/BCTech
491,microsoft/Learn-LTI
492,microsoft/vscode-maven
493,microsoft/vs-validation
494,microsoft/VSSDK-Analyzers
495,microsoft/cpprestsdk
496,microsoft/playwright-pytest
497,microsoft/notification-provider
498,microsoft/node-native-keymap
499,microsoft/restler-fuzzer
500,microsoft/connected-workbooks
501,microsoft/service-fabric-services-and-actors-dotnet
502,microsoft/UniSpeech
503,microsoft/fra-cluster-upgrade
504,microsoft/Get-NetView
505,microsoft/sql-spark-connector
506,microsoft/PowerBI-visuals-tools
507,microsoft/csapps-msteams-watercooler
508,microsoft/muzic
509,microsoft/VerifiableCredential-SDK-Android
510,microsoft/Win2D
511,microsoft/kafka
512,microsoft/sarif-pattern-matcher
513,microsoft/vscode-remote-try-python
514,microsoft/XamlBehaviors
515,microsoft/pylance-release
516,microsoft/vscode-webview-ui-toolkit-samples
517,microsoft/vscode-azureappservice
518,microsoft/vscode-cosmosdb
519,microsoft/vscode-azuretools
520,microsoft/NetPerfTest
521,microsoft/onnxruntime-web-benchmark
522,microsoft/winget-create
523,microsoft/CDM
524,microsoft/winget-pkgs-submission-test
525,microsoft/XmlNotepad
526,microsoft/vscode-remote-release
527,microsoft/Microsoft-365-Defender-Hunting-Queries
528,microsoft/DefinitelyTyped-tools
529,microsoft/BotFramework-Emulator
530,microsoft/commercial-marketplace-samples
531,microsoft/MCW-Big-data-and-visualization
532,microsoft/MCW-Innovate-and-modernize-apps-with-Data-and-AI
533,microsoft/ComplianceCxE
534,microsoft/service-fabric-healer
535,microsoft/BlingFire
536,microsoft/DIABLo-demos
537,microsoft/onnxconverter-common
538,microsoft/oac-explore
539,microsoft/smart-on-fhir-app-starter-kit
540,microsoft/RoslynClrHeapAllocationAnalyzer
541,microsoft/azure-pipelines-extensions
542,microsoft/spatialaudio-unity
543,microsoft/vs-azure-iot-edge-docs
544,microsoft/vscode-mssql
545,microsoft/go-sqlcmd
546,microsoft/startstopv2-deployments
547,microsoft/Windows-driver-samples
548,microsoft/mdatp-xplat
549,microsoft/MLOpsPython
550,microsoft/scim
551,microsoft/FeatureFlightingManagement
552,microsoft/openhack-mc4h
553,microsoft/hat
554,microsoft/TypeScript-wiki
555,microsoft/MSBuildSdks
556,microsoft/axe-windows
557,microsoft/AzureTipsAndTricks
558,microsoft/mdefordownlevelserver
559,microsoft/rest-api-fuzz-testing
560,microsoft/Windows-Containers
561,microsoft/vscode-debugadapter-node
562,microsoft/electionguard-ui
563,microsoft/WhatTheHack
564,microsoft/nmarc
565,microsoft/inno-updater
566,microsoft/MCW-Cognitive-services-and-deep-learning
567,microsoft/essex-js-build
568,microsoft/Omex
569,microsoft/PSRule.Monitor
570,microsoft/AzureSQLDataSyncHealthChecker
571,microsoft/Vipr
572,microsoft/InnerEye-Gateway
573,microsoft/MixedReality-WebRTC
574,microsoft/ai-edu
575,microsoft/PSRule.Rules.GitHub
576,microsoft/slngen
577,microsoft/Microsoft.IO.RecyclableMemoryStream
578,microsoft/BotFramework-Composer-Nightlies
579,microsoft/vscode-css-languageservice
580,microsoft/azure-gradle-plugins
581,microsoft/powerbi-powershell
582,microsoft/sqlworkshops-migratesqltoazure
583,microsoft/CBL-MarinerCoreUI
584,microsoft/hyperspace
585,microsoft/PlanetaryComputerExamples
586,microsoft/react-native-gallery
587,microsoft/azure-percept-advanced-development
588,microsoft/PSDocs
589,microsoft/xbox-live-api
590,microsoft/infersharp
591,microsoft/angular2-slickgrid
592,microsoft/msticnb
593,microsoft/automatic-graph-layout
594,microsoft/fastlane-plugin-appcenter
595,microsoft/accessibility-insights-service
596,microsoft/HuRL
597,microsoft/mssql-support
598,microsoft/huggingface-transformers
599,microsoft/SDN
600,microsoft/solution-accelerator-many-models
601,microsoft/pict
602,microsoft/PowerApps-Language-Tooling
603,microsoft/MSTIC-Sysmon
604,microsoft/vscode-telemetry-extractor
605,microsoft/ReSub
606,microsoft/RulesEngine
607,microsoft/vstest-docs
608,microsoft/azure-dev-day
609,microsoft/scenepic
610,microsoft/farmbeatsforstudents
611,microsoft/mixed-reality-extension-unity
612,microsoft/botframework-sdk
613,microsoft/surface-duo-window-manager-samples
614,microsoft/react-graphql-nosql-starter-kit
615,microsoft/DirectML
616,microsoft/Mastering-the-Marketplace
617,microsoft/qio-samples
618,microsoft/presidio-research
619,microsoft/conversationlearner
620,microsoft/sccl
621,microsoft/vscode-edge-debug2
622,microsoft/opendata
623,microsoft/datadrivenmodel
624,microsoft/botbuilder-python
625,microsoft/vscode-azure-iot-edge
626,microsoft/vscode-azurefunctions
627,microsoft/ripgrep-prebuilt
628,microsoft/BotFramework-Composer
629,microsoft/vscode-service-status
630,microsoft/Microsoft.Unity.Analyzers
631,microsoft/deck
632,microsoft/vscode-notebook-renderers
633,microsoft/beachball
634,microsoft/Angara
635,microsoft/SQLCallStackResolver
636,microsoft/vscode-remote-try-rust
637,microsoft/powerbi-visuals-chord
638,microsoft/appcenter-sdk-dotnet
639,microsoft/react-native-code-push
640,microsoft/vscode-windows-registry
641,microsoft/MixedReality-HolographicRemoting-Samples
642,microsoft/moodle-assignsubmission_onenote
643,microsoft/moodle-assignfeedback_onenote
644,microsoft/moodle-repository_office365
645,microsoft/moodle-local_onenote
646,microsoft/moodle-local_office365
647,microsoft/moodle-local_o365
648,microsoft/moodle-block_microsoft
649,microsoft/moodle-auth_oidc
650,microsoft/node-jsonc-parser
651,microsoft/p-graph
652,microsoft/PSRule-pipelines
653,microsoft/knack
654,microsoft/DevSkim
655,microsoft/DevSkim-Action
656,microsoft/weston-mirror
657,microsoft/lsif-java
658,microsoft/mu_basecore
659,microsoft/go-winio
660,microsoft/ProjFS-Managed-API
661,microsoft/AzureStorageExplorer
662,microsoft/NetPerfTest-Linux
663,microsoft/cluster-api-provider-azurestackhci
664,microsoft/scala-style-download
665,microsoft/appcenter-cli
666,microsoft/DirectX-Specs
667,microsoft/mfit
668,microsoft/SIKE-challenges
669,microsoft/prose
670,microsoft/OpenHack
671,microsoft/shell-intune-samples
672,microsoft/Xbox-GDK-Samples
673,microsoft/hummingbird
674,microsoft/vscode-extension-samples
675,microsoft/Test-NetStack
676,microsoft/webauthn
677,microsoft/bonsai-twin-builder
678,microsoft/pxt-brainpad
679,microsoft/OMS-Auditd-Plugin
680,microsoft/AMBROSIA
681,microsoft/defender-updatecontrols
682,microsoft/data-accelerator
683,microsoft/BotFramework-FunctionalTests
684,microsoft/.github
685,microsoft/ailab
686,microsoft/MSCloudLoginAssistant
687,microsoft/hack-workshop-power-apps
688,microsoft/computervision-recipes
689,microsoft/topologic
690,microsoft/msix-packaging
691,microsoft/vcpkg-ce
692,microsoft/omnichannel-chat-sdk
693,microsoft/hackwithazure
694,microsoft/azure-container-networking
695,microsoft/RTW-Rapid-Screening
696,microsoft/aroworkshop
697,microsoft/FactoryOrchestrator
698,microsoft/WindowsIISServerConfig
699,microsoft/theme-converter-for-vs
700,microsoft/vscode-html-languageservice
701,microsoft/vscode-json-languageservice
702,microsoft/java
703,microsoft/arcade-forest-fire
704,microsoft/appcenter-sdk-cordova
705,microsoft/cordova-plugin-code-push
706,microsoft/MIEngine
707,microsoft/CollectServiceFabricData
708,microsoft/AddOutlookJapanHoliday
709,microsoft/electionguard-cpp
710,microsoft/Table-Pretraining
711,microsoft/immersive-reader-sdk
712,microsoft/ProteinFolding
713,microsoft/plcrashreporter
714,microsoft/playwright-vscode
715,microsoft/azure-pipelines-tool-lib
716,microsoft/azure-pipelines-task-lib
717,microsoft/CodeXGLUE
718,microsoft/CodeBERT
719,microsoft/antares
720,microsoft/DirectXMath
721,microsoft/openpai-runtime
722,microsoft/MSMARCO-Document-Ranking-Submissions
723,microsoft/azure-iothub-exporter
724,microsoft/windows-samples-rs
725,microsoft/dowhy
726,microsoft/pai
727,microsoft/LearnTogether-Collaboration-Brainstorm-App
728,microsoft/MCW-Azure-Synapse-Analytics-and-AI
729,microsoft/VisualTrueType
730,microsoft/openjdk
731,microsoft/MSMARCO-Passage-Ranking-Submissions
732,microsoft/VSSDK-Extensibility-Samples
733,microsoft/wslg
734,microsoft/MCW-Predictive-Maintenance-for-remote-field-devices
735,microsoft/vscode-sublime-keybindings
736,microsoft/vscode-remote-wsl-recommender
737,microsoft/PowerBI-JavaScript
738,microsoft/hack-workshop-iot
739,microsoft/Microsoft-Performance-Tools-Linux-Android
740,microsoft/subseasonal_data
741,microsoft/do-client
742,microsoft/Viva-Connections-Extensibility-Beta
743,microsoft/MSIX-PackageSupportFramework
744,microsoft/PTVS
745,microsoft/DecisionDiagrams
746,microsoft/mu_tiano_plus
747,microsoft/FarmBeats-UniversityCommunity
748,microsoft/checkedc
749,microsoft/PowerPlatform-DataverseServiceClient
750,microsoft/Azure-Synapse-Customer-Insights-Customer360-Solution-Accelerator
751,microsoft/CSS-Exchange
752,microsoft/CMake
753,microsoft/botframework-components
754,microsoft/lage
755,microsoft/AzureSearch_JFK_Files
756,microsoft/webpack-bundle-compare
757,microsoft/ms-tpm-20-ref
758,microsoft/SandDance
759,microsoft/fhir-proxy
760,microsoft/MixedReality-UXTools-Unreal
761,microsoft/InnerEye-DeepLearning
762,microsoft/appcenter
763,microsoft/nubesgen-actions
764,microsoft/bc2adls
765,microsoft/CloudAdoptionFramework
766,microsoft/EdgeML
767,microsoft/MSLab
768,microsoft/UnifiedLabelingSupportTool
769,microsoft/InnovateFPGA2021-WebApp
770,microsoft/vscode-github-issue-notebooks
771,microsoft/AzureSynapseScriptsAndAccelerators
772,microsoft/v8-jsi
773,microsoft/vscode-spring-boot-dashboard
774,microsoft/azureml-ops-accelerator
775,microsoft/azure-maven-archetypes
776,microsoft/lading
777,microsoft/react-native-xaml
778,microsoft/fuse-webui
779,microsoft/AttackSurfaceAnalyzer
780,microsoft/xbox-live-trace-analyzer
781,microsoft/UwpVpnPluginSample
782,microsoft/foss-fund
783,microsoft/azure-data-services-go-fast-codebase
784,microsoft/hack-workshop-web
785,microsoft/hack-workshop-lobe
786,microsoft/XamlBehaviorsWpf
787,microsoft/msccl
788,microsoft/ptgnn
789,microsoft/Network-Adapter-Class-Extension
790,microsoft/prv_accountant
791,microsoft/IIS.Compression
792,microsoft/homebrew-git
793,microsoft/envoy
794,microsoft/HaDes
795,microsoft/knossos-ksc
796,microsoft/EMNLP2019-Adjective-Knowledge-for-Text-to-SQL
797,microsoft/github-actions-for-desktop-apps
798,microsoft/EMNLP2019-Split-And-Recombine
799,microsoft/surface-duo-sdk-xamarin-samples
800,microsoft/nodejstools
801,microsoft/configmgr-hub
802,microsoft/building-damage-assessment-cnn-siamese
803,microsoft/FreeRDP-mirror
804,microsoft/WPF-Samples
805,microsoft/NCM-Driver-for-Windows
806,microsoft/ClearScript
807,microsoft/lsif-node
808,microsoft/vscode-loader
809,microsoft/aui-cli
810,microsoft/service-fabric-aspnetcore
811,microsoft/PowerVirtualAgentsSamples
812,microsoft/Analysis-Services
813,microsoft/vscode-livepreview
814,microsoft/azure-devops-auth-samples
815,microsoft/Simplygon-DCC-Integrations
816,microsoft/vscode-anycode
817,microsoft/Armada
818,microsoft/font-tools
819,microsoft/makecode-assets-public
820,microsoft/openjdk-aarch64
821,microsoft/service-fabric-client-dotnet
822,microsoft/BatchMoveToTeams
823,microsoft/graspologic-js
824,microsoft/surface-duo-oss-kernel.msm-5..4
825,microsoft/surface-duo-oss-sm8350.11.display-devicetree
826,microsoft/surface-duo-oss-sm8350.11.devicetree
827,microsoft/surface-duo-oss-sm8350.11.camera-devicetree
828,microsoft/surface-duo-oss-platform.vendor.opensource.video-driver
829,microsoft/surface-duo-oss-platform.vendor.opensource.display-drivers
830,microsoft/pxt-blockly
831,microsoft/surface-duo-oss-device.build
832,microsoft/surface-duo-oss
833,microsoft/libyara.NET
834,microsoft/surface-duo-oss-kernel.manifest
835,microsoft/Windows-Driver-Developer-Supplemental-Tools
836,microsoft/surface-duo-oss-platform.vendor.opensource.dataipa
837,microsoft/surface-duo-oss-platform.vendor.opensource.camera-kernel
838,microsoft/surface-duo-oss-kernel.tests
839,microsoft/surface-duo-oss-kernel.build
840,microsoft/surface-duo-oss-platform.vendor.opensource.audio-kernel
841,microsoft/FeatureManagement-Dotnet
842,microsoft/DACExtensions
843,microsoft/Azure-Kinect-Sensor-SDK
844,microsoft/data-protection-mapping-project
845,microsoft/PSRule.Rules.CAF
846,microsoft/fluentui-token-pipeline
847,microsoft/customer-insights-azure-data-workshop
848,microsoft/mattercenter
849,microsoft/franceconnect-service-provider-dotnet-webapp-aspnetcore
850,microsoft/D3D9On12
851,microsoft/SQL_LogScout
852,microsoft/Nova
853,microsoft/CLOG
854,microsoft/vivainsights-odatadl
855,microsoft/durabletask-netherite
856,microsoft/franceconnect-identity-provider-dotnet-webapi-aspnetcore
857,microsoft/franceconnect-data-provider-dotnet-webapi-aspnetcore
858,microsoft/azdo-databricks
859,microsoft/CSEDevOps
860,microsoft/PowerBI-Developer-Samples
861,microsoft/vscode-mono-debug
862,microsoft/appcenter-sdk-react-native
863,microsoft/epic-supervisor
864,microsoft/graph-stats-tools
865,microsoft/essex-js-toolkit
866,microsoft/TeamCloud
867,microsoft/backfill
868,microsoft/epic-marbles
869,microsoft/powerapps-tools
870,microsoft/clock
871,microsoft/project-html-website
872,microsoft/coyote-samples
873,microsoft/SdnDiagnostics
874,microsoft/vscode-spring-initializr
875,microsoft/Cream
876,microsoft/Windows-universal-samples
877,microsoft/mu_tiano_platforms
878,microsoft/surface-duo-oss-kernel.msm-4..14
879,microsoft/surface-duo-oss-platform.vendor.qcom-opensource.wlan.fw-api
880,microsoft/surface-duo-oss-platform.vendor.qcom-opensource.wlan.qcacld-3..0
881,microsoft/surface-duo-oss-platform.vendor.qcom-opensource.wlan.qca-wifi-host-cmn
882,microsoft/vscode-selfhost-test-provider
883,microsoft/macos-cookbook
884,microsoft/superbench-results
885,microsoft/pxt-mkc
886,microsoft/vscode-cdp-proxy
887,microsoft/AzureAutomaticGradingEngine_Assignments
888,microsoft/vscode-remote-repositories-github
889,microsoft/StoreBroker
890,microsoft/differentially-private-ngram-extraction
891,microsoft/Win2D-Samples
892,microsoft/bonsai-simulink
893,microsoft/RichCodeNavIndexer
894,microsoft/CSS_SQL_Networking_Tools
895,microsoft/vscode-references-view
896,microsoft/Get-ExchangeBuildNumber
897,microsoft/asconnect
898,microsoft/nodejs-guidelines
899,microsoft/Simplify-Docx
900,microsoft/vscode-npm-scripts
901,microsoft/powerbi-visuals-bulletchart
902,microsoft/vscode-java-dependency
903,microsoft/java-debug
904,microsoft/vscode-java-debug
905,microsoft/HiTab
906,microsoft/thematic
907,microsoft/CBL-Mariner-Linux-Kernel
908,microsoft/react-dag-editor
909,microsoft/bond
910,microsoft/DataStreamerSamples
911,microsoft/finnts
912,microsoft/vscode-recipes
913,microsoft/GazeInteractionApps
914,microsoft/intelligent_auto_scaling
915,microsoft/ALEX
916,microsoft/CopyOnWrite
917,microsoft/bonsai-viz-example
918,microsoft/msmarco
919,microsoft/neurips21-self-supervised-bug-detection-and-repair
920,microsoft/overreact-core
921,microsoft/OpenHack-FHIR
922,microsoft/llvm-mctoll
923,microsoft/azure-pipelines-artifact-caching-tasks
924,microsoft/codetour
925,microsoft/powerbi-visuals-api
926,microsoft/mi-module-zoo
927,microsoft/vscode-lsif-extension
928,microsoft/project-azua
929,microsoft/vsts-extension-multivalue-control
930,microsoft/PSRule.Rules.MSFT.OSS
931,microsoft/PSRule.Rules.Kubernetes
932,microsoft/Federal-Business-Applications
933,microsoft/artifacts-credprovider
934,microsoft/MCW-Internet-of-Things
935,microsoft/spring-data-cosmosdb
936,microsoft/devops-project-samples
937,microsoft/Git-Credential-Manager-for-Windows
938,microsoft/clr-samples
939,microsoft/AzureMonitorCommunity
940,microsoft/moabsim-py
941,microsoft/LoRA
942,microsoft/Ceruleoscope
943,microsoft/charts
944,microsoft/tsdoc.org-website
945,microsoft/corenet-ci
946,microsoft/studentambassadors
947,microsoft/graspologic-native
948,microsoft/powerquery-language-services
949,microsoft/vscode-emmet-helper
950,microsoft/ObjectStoreProvider
951,microsoft/azure-devops-intellij
952,microsoft/CQRS.Mediatr.Lite
953,microsoft/PowerBI-visuals-ForceGraph
954,microsoft/CSWin-Transformer
955,microsoft/AzureKeyVaultExplorer
956,microsoft/vision-longformer
957,microsoft/MeshGraphormer
958,microsoft/dsb
959,microsoft/surface-duo-oss-platform.vendor.qcom-opensource.data-kernel
960,microsoft/Spartan
961,microsoft/Windows-appsample-familynotes
962,microsoft/Forest_IR_synthesis
963,microsoft/verseagility
964,microsoft/weblogic-on-azure
965,microsoft/OrcasNinjaTeam
966,microsoft/vscode-js-profile-visualizer
967,microsoft/vscode-test-adapter-converter
968,microsoft/ntttcp
969,microsoft/deepnmt
970,microsoft/DxCapsViewer
971,microsoft/python-type-stubs
972,microsoft/VoTT
973,microsoft/DialoGPT
974,microsoft/machine-learning-collection
975,microsoft/perfviewjs
976,microsoft/PowerBI-LogAnalytics-Template-Reports
977,microsoft/SP-Server-Workflow-Scanner
978,microsoft/batch-processing-kit
979,microsoft/NurseHackAPIs
980,microsoft/Intune-PowerShell-Management
981,microsoft/vsts-extension-retrospectives
982,microsoft/charticulator.com
983,microsoft/vscode-test-web
984,microsoft/pipelines-appservice-lib
985,microsoft/spring-data-gremlin
986,microsoft/SEED-Encoder
987,microsoft/vert-papers
988,microsoft/SuperPod
989,microsoft/botframework-telephony
990,microsoft/D3D12TranslationLayer
991,microsoft/satcheljs
992,microsoft/vscode-windows-process-tree
993,microsoft/onnxruntime-web-demo
994,microsoft/Secure-Supply-Chain
995,microsoft/qsharp-language
996,microsoft/azure-sql-tips
997,microsoft/vscode-powerquery
998,microsoft/pxt-neopixel
999,microsoft/tsiclient
1000,microsoft/dotnet
1001,microsoft/vision-evaluation
1002,microsoft/nav-docker
1003,microsoft/vscode-azurecognitivesearch
1004,microsoft/AppCenter-SDK-Unity-Extension
1005,microsoft/eMAPI
1006,microsoft/electron-gqlmapi
1007,microsoft/VerifiableCredentials-Verification-SDK-Typescript
1008,microsoft/BotFunctionalTestingService
1009,microsoft/TypeScript-Make-Monaco-Builds
1010,microsoft/vscode-wiki
1011,microsoft/vscode-oniguruma
1012,microsoft/monaco-editor-samples
1013,microsoft/monaco-editor
1014,microsoft/monaco-json
1015,microsoft/knowledge-extraction-recipes-forms
1016,microsoft/vscode-linux-build-agent
1017,microsoft/HoloLens2ForCV
1018,microsoft/ts-gyb
1019,microsoft/ability-attributes
1020,microsoft/jacdac-dotnet
1021,microsoft/Swin-Transformer
1022,microsoft/terraform-spring-boot
1023,microsoft/vscode-github-triage-extension
1024,microsoft/globe
1025,microsoft/voxelpose-pytorch
1026,microsoft/ReportingServicesTools
1027,microsoft/affectbased
1028,microsoft/multiview-human-pose-estimation-pytorch
1029,microsoft/strategically_efficient_rl
1030,microsoft/human-pose-estimation.pytorch
1031,microsoft/OCR-Form-Tools
1032,microsoft/tensorflow-directml
1033,microsoft/onnxjs-demo
1034,microsoft/Orb
1035,microsoft/dag-history-component
1036,microsoft/Guestivus
1037,microsoft/onnxjs
1038,microsoft/IIS.Administration
1039,microsoft/agdiag
1040,microsoft/Build-omi
1041,microsoft/omi
1042,microsoft/TypeScript-TmLanguage
1043,microsoft/project-ruby-rails-container
1044,microsoft/MaskedLARk
1045,microsoft/vscode-arduino
1046,microsoft/dstoolkit-anomaly-detection-ijungle
1047,microsoft/GraphEngine
1048,microsoft/botframework-webchat-chat-adapter
1049,microsoft/tolerant-php-parser
1050,microsoft/rust_win_etw
1051,microsoft/tracing-etw
1052,microsoft/genomicsnotebook
1053,microsoft/SEAL-Embedded
1054,microsoft/bonsai-log-tools
1055,microsoft/static-web-apps-gallery-code-samples
1056,microsoft/TeamMate
1057,microsoft/VerifiableCredentials-Crypto-SDK-Typescript
1058,microsoft/minecraft-gametests
1059,microsoft/powerquery-parser
1060,microsoft/xblock-officevideo
1061,microsoft/FaceSynthetics
1062,microsoft/azure-api-management-monetization
1063,microsoft/dstoolkit-ml-ops-for-databricks
1064,microsoft/powerquery-formatter
1065,microsoft/MS-SNSD
1066,microsoft/PowerBI-CSharp
1067,microsoft/react-native-dualscreen
1068,microsoft/AcademicContent
1069,microsoft/idfix
1070,microsoft/opstractor
1071,microsoft/BackwardCompatibilityML
1072,microsoft/dts-gen
1073,microsoft/vision-datasets
1074,microsoft/Bringing-Old-Photos-Back-to-Life
1075,microsoft/angular-react
1076,microsoft/CSU-AzureLabs
1077,microsoft/jfr-streaming
1078,microsoft/microsoft.github.io
1079,microsoft/opensource.microsoft.com
1080,microsoft/monaco-editor-webpack-plugin
1081,microsoft/monaco-typescript
1082,microsoft/SymCrypt-OpenSSL
1083,microsoft/krabsetw
1084,microsoft/CBL-MarinerDemo
1085,microsoft/tfs-cli
1086,microsoft/powerbi-visuals-histogram
1087,microsoft/ps-rule
1088,microsoft/CosmosDB-Solution-Accelerator-CosmosDB-Helper
1089,microsoft/etl2pcapng
1090,microsoft/Stochastic-Mixture-of-Experts
1091,microsoft/webpack-dataverse
1092,microsoft/VSTSAgent.PowerShell
1093,microsoft/otdd
1094,microsoft/acc-vm-engine
1095,microsoft/typed-rest-client
1096,microsoft/FastTrack
1097,microsoft/redux-dynamic-modules
1098,microsoft/tigertoolbox
1099,microsoft/icu
1100,microsoft/OpenAPI.NET.OData
1101,microsoft/ethr
1102,microsoft/monthlyresources
1103,microsoft/ntttcp-for-linux
1104,microsoft/inspector-topo
1105,microsoft/cpp-build-insights-samples
1106,microsoft/TaxiXNLI
1107,microsoft/Bing-Maps-Fleet-Tracker
1108,microsoft/edge-extension-settings-generator
1109,microsoft/NH4H-UserProfile
1110,microsoft/AIForAccessibility-Samples
1111,microsoft/aadb2c-starter-kit
1112,microsoft/makecode-csp
1113,microsoft/HAXPlaybook
1114,microsoft/AzureTrailblazerAcademy
1115,microsoft/PowerBI-visuals-FacetKey
1116,microsoft/DevAppsForTeams
1117,microsoft/PowerBI-visuals-TimelineStoryteller
1118,microsoft/Power-BI-Embedded-Contoso-Sales-Demo
1119,microsoft/helium-ui
1120,microsoft/frontend-appsells
1121,microsoft/art
1122,microsoft/bing-wordpress-url-submission-plugin
1123,microsoft/boll
1124,microsoft/FluidStorybook
1125,microsoft/Cloud-Native-In-a-Day
1126,microsoft/sqlmanagementobjects
1127,microsoft/Azure-Synapse-Retail-Recommender-Solution-Accelerator
1128,microsoft/consent-banner
1129,microsoft/edge-devtools-network-console
1130,microsoft/DLWorkspace
1131,microsoft/vegalite-for-powerbi
1132,microsoft/AspNetCore-React-WebApp
1133,microsoft/azuredatastudio-postgresql
1134,microsoft/build20AcceleratedSpark
1135,microsoft/moab
1136,microsoft/keyper
1137,microsoft/onnxruntime-training-examples
1138,microsoft/DWriteShapePy
1139,microsoft/microsoft-teams-brainy-bot
1140,microsoft/SmartKG
1141,microsoft/electionguard-ballot-marking-device
1142,microsoft/electionguard-ballot-box
1143,microsoft/gatsby-remark-makecode
1144,microsoft/PowerBI-visuals-AsterPlot
1145,microsoft/MTC_WindowsSmartInk
1146,microsoft/ShortStack
1147,microsoft/android-app-size-diff
1148,microsoft/Intune-Config-Frameworks
1149,microsoft/PowerBI-visuals-HeatStreams
1150,microsoft/exp-extension
1151,microsoft/electionguard-admin-device
1152,microsoft/vision-ai-developer-kit
1153,microsoft/vscode-python-devicesimulator
1154,microsoft/emat
1155,microsoft/simple_ado
1156,microsoft/esvit
1157,microsoft/AEC-Challenge
1158,microsoft/banner-settings-ado-extension
1159,microsoft/PowerBI-visuals-WordCloud
1160,microsoft/powerbi-visuals-enhancedscatter
1161,microsoft/powerbi-visuals-sunburst
1162,microsoft/flamegrill
1163,microsoft/PowerBI-visuals-AttributeSlicer
1164,microsoft/gatsby-starter-uifabric
1165,microsoft/browsecloud
1166,microsoft/vscode-hydrate
1167,microsoft/healthcare-apis-samples
1168,microsoft/terraform-azuredevops-integration
1169,microsoft/Ros-Orchestration
1170,microsoft/satcheljs-todomvc
1171,microsoft/robust-models-transfer
1172,microsoft/powerbi-visuals-gantt
1173,microsoft/vscode-remote-try-java
1174,microsoft/SDCM
1175,microsoft/WSL2-Linux-Kernel
1176,microsoft/microsoft-r
1177,microsoft/PowerBI-visuals-PowerKPIMatrix
1178,microsoft/azure-repos-pr-multi-cherry-pick
1179,microsoft/cognitive-services-notebooks
1180,microsoft/python-sample-tweeterapp
1181,microsoft/securitydev
1182,microsoft/azdata-extension-azdata
1183,microsoft/MentalHealthPlatform
1184,microsoft/IgniteTheTour
1185,microsoft/satcheljs-cookbook
1186,microsoft/roosterjs-react
1187,microsoft/powerbi-visuals-heatmap
1188,microsoft/PowerBI-visuals-PowerKPI
1189,microsoft/PowerBI-visuals-MultiKPI
1190,microsoft/vott-react
1191,microsoft/powerbi-visuals-timeline
1192,microsoft/powerbi-visuals-sankey
1193,microsoft/powerbi-visuals-dualkpi
1194,microsoft/vscode-azureeventgrid
1195,microsoft/powerbi-visuals-linedotchart
1196,microsoft/PowerBI-visuals-Tornado
1197,microsoft/powerbi-visuals-streamgraph
1198,microsoft/powerbi-visuals-pulsechart
1199,microsoft/powerbi-visuals-mekkochart
1200,microsoft/PowerBI-visuals-RadarChart
1201,microsoft/hackathon-team-builder
1202,microsoft/arcade-machine-react
1203,microsoft/GDK
1204,microsoft/arcade-machine
1205,microsoft/go-infra
1206,microsoft/vscode-azurevirtualmachines
1207,microsoft/c9-python-getting-started
1208,microsoft/WinAppDriver
1209,microsoft/app-store-vsts-extension
1210,microsoft/BotFramework-DirectLineJS
1211,microsoft/BladeMonRT
1212,microsoft/InnerEye-Inference
1213,microsoft/robustdg
1214,microsoft/typescript-styled-plugin
1215,microsoft/TestAdapterForGoogleTest
1216,microsoft/FluentUIEditableDetailsList
1217,microsoft/fin-ops-doc-scripts
1218,microsoft/arc-sql-mi-db-operator
1219,microsoft/vscode-remote-try-node
1220,microsoft/Focal-Transformer
1221,microsoft/mindaro
1222,microsoft/dstoolkit-classification-solution-accelerator
1223,microsoft/media-foundation
1224,microsoft/station-b-libraries
1225,microsoft/rushstack-samples
1226,microsoft/PSDocs-vscode
1227,microsoft/RecursiveExtractor
1228,microsoft/CRA
1229,microsoft/event-vae-rl
1230,microsoft/omnichannel-amsclient
1231,microsoft/debmitra
1232,microsoft/engagementinsights-sdk-ios
1233,microsoft/xbox-game-streaming-tools
1234,microsoft/Broadcast-Development-Kit
1235,microsoft/kubeflow-pipeline-azdo-task
1236,microsoft/vscode-chrome-debug-core
1237,microsoft/arcade-background-scroll
1238,microsoft/ogc-api-fast-features
1239,microsoft/jacdac-ddk
1240,microsoft/Graphormer
1241,microsoft/gctoolkit-testdata
1242,microsoft/cachepurge
1243,microsoft/mwx-teams-vaccine-attestation
1244,microsoft/vscode-uri
1245,microsoft/checkedc-clang
1246,microsoft/vscode-ripgrep
1247,microsoft/power-apps-portals-webpack
1248,microsoft/devices-hardware-dev-center-manager
1249,microsoft/databricks-import-notebook
1250,microsoft/RdpGamepad
1251,microsoft/typescript-etw
1252,microsoft/MCW-SQL-Server-hybrid-cloud
1253,microsoft/MCW-Machine-Learning
1254,microsoft/MCW-Intelligent-analytics
1255,microsoft/vscode-notepadplusplus-keybindings
1256,microsoft/appcenter-rest-python
1257,microsoft/hackathon-starter-kit
1258,microsoft/pbiworkshops
1259,microsoft/cocoapods-azure-universal-packages
1260,microsoft/SmartDump
1261,microsoft/TypeScript-Babel-Starter
1262,microsoft/xblock-onedrive
1263,microsoft/azure-spring-boot
1264,microsoft/sqlops-dataprotocolclient
1265,microsoft/Dr-Jekyll-and-Mr-Hyde-The-Strange-Case-of-Off-Policy-Policy-Updates
1266,microsoft/sql-server-language-extensions
1267,microsoft/nova-facade
1268,microsoft/document-level-targeted-content-transfer
1269,microsoft/0xDeCA10B
1270,microsoft/azure-boards-estimate
1271,microsoft/mdatp-devicecontrol
1272,microsoft/flin-nl2web
1273,microsoft/Xaml-Islands-Samples
1274,microsoft/azure-devops-engineering-extensions
1275,microsoft/azure-devops-extension-hot-reload-and-debug
1276,microsoft/azure-devops-extension-tasks
1277,microsoft/vsts-team-calendar
1278,microsoft/code-push-vsts-extension
1279,microsoft/wiql-to-odata-ado-extension
1280,microsoft/release-stats
1281,microsoft/vsts-extension-samples
1282,microsoft/azure-devops-extension-sample
1283,microsoft/featuretimeline
1284,microsoft/aks-postgre-keyrotation
1285,microsoft/DirectX-Graphics-Samples
1286,microsoft/PowerShellForGitHub
1287,microsoft/appcenter-sdk-unity
1288,microsoft/azure-spring-cloud-training
1289,microsoft/devinit-example-nodejs
1290,microsoft/health-cards-tests
1291,microsoft/midemo
1292,microsoft/TailwindTraders-Website
1293,microsoft/eShopOnContainers
1294,microsoft/llvm-project
1295,microsoft/UST
1296,microsoft/openjdk-jdk
1297,microsoft/package-inherit
1298,microsoft/openjdk-jdk11u
1299,microsoft/onnxruntime-tvm
1300,microsoft/xterm.js
1301,microsoft/react-native-svg-desktop
1302,microsoft/xtreme-distil-transformers
1303,microsoft/microsoft-teams-apps-company-communicator
1304,microsoft/azure-cli
1305,microsoft/vscode-windows-ca-certs
1306,microsoft/vscode-node-sqlite3
1307,microsoft/vscode-nsfw
1308,microsoft/azure_arc_jumpstartweb
1309,microsoft/AISchoolTutorials
1310,microsoft/TailwindTraders-Backend
1311,microsoft/cs_comments_service
1312,microsoft/PowerBI-visuals-NetworkNavigator
1313,microsoft/fabric8-maven-plugin
1314,microsoft/cla-assistant
1315,microsoft/initializr
1316,microsoft/edx-configuration
1317,microsoft/federalist
1318,microsoft/vscode-htmlhint
1319,microsoft/SealPIR
1320,microsoft/react-native-tscodegen
1321,microsoft/Dynamics365-CustomerInsights-Client-Libraries
1322,microsoft/CBM
1323,microsoft/Maps
1324,microsoft/omnichannel-ic3core
1325,microsoft/Microsoft-Start-WordPress-Plugin
1326,microsoft/synthetic-data-showcase
1327,microsoft/electionguard-tracking-site
1328,microsoft/ads-service-downloader
1329,microsoft/vswhere
1330,microsoft/Office365APIEditor
1331,microsoft/surface-duo-sdk-samples-kotlin
1332,microsoft/hls-hack-services
1333,microsoft/DataConnectors
1334,microsoft/AzureLTIAssessmentApp
1335,microsoft/objc-guide
1336,microsoft/swift-guide
1337,microsoft/dotnet-apiport
1338,microsoft/InnovateFPGA2021-Functions
1339,microsoft/ai-at-edge
1340,microsoft/vsixbootstrapper
1341,microsoft/api-extractor.com-website
1342,microsoft/rushjs.io-website
1343,microsoft/PowerBI-visuals-sampleBarChart-react
1344,microsoft/OAT
1345,microsoft/PageTour-SDK
1346,microsoft/vssetup.powershell
1347,microsoft/vscode-azure-iot-tools
1348,microsoft/health-architectures
1349,microsoft/vi-hds
1350,microsoft/vscode-platform-specific-sample
1351,microsoft/AutoBrewML
1352,microsoft/coyote-scheduler
1353,microsoft/jacdac-padauk
1354,microsoft/subseasonal_toolkit
1355,microsoft/dpu-utils
1356,microsoft/AppInsights.EnterpriseTelemetry.AspNetCore.Extension
1357,microsoft/SQL-ProcBench
1358,microsoft/RxKql
1359,microsoft/mu_silicon_arm_tiano
1360,microsoft/Network-Performance-Visualization
1361,microsoft/vscode-azurestorage
1362,microsoft/engagementinsights-sdk-android
1363,microsoft/GBB-Business-Applications
1364,microsoft/gdk-unity-package
1365,microsoft/VSExtensibility
1366,microsoft/tslib
1367,microsoft/azure-docs
1368,microsoft/devsquad-in-a-day
1369,microsoft/WKSPlus-M365SCC
1370,microsoft/azure-devops-node-api
1371,microsoft/OfficeCalendarInsights
1372,microsoft/crn-engine
1373,microsoft/vscode-vs-keybindings
1374,microsoft/rankerEval
1375,microsoft/TypeScript-Playground-Gist-Proxy-API
1376,microsoft/bonsai-gym
1377,microsoft/omnichannel-sdk
1378,microsoft/CanvasTools-for-VOTT
1379,microsoft/spfx-react-webchat
1380,microsoft/vscode-makefile-tools
1381,microsoft/eslint-plugin-sdl
1382,microsoft/vscode-postgresql
1383,microsoft/vscode-test
1384,microsoft/Dynamics-AX-Integration
1385,microsoft/Build-SCXcore
1386,microsoft/ess
1387,microsoft/NH4H-UserReg
1388,microsoft/sarif-js-sdk
1389,microsoft/WinObjC
1390,microsoft/OpenCLOn12
1391,microsoft/omi-kits
1392,microsoft/SCXcore
1393,microsoft/glue
1394,microsoft/ShaderConductor
1395,microsoft/azuredatastudio-debug
1396,microsoft/MapsSDK-Unity
1397,microsoft/Ironclad
1398,microsoft/pxt-ev3
1399,microsoft/source-map-compare
1400,microsoft/ANCE
1401,microsoft/vscode-gather
1402,microsoft/scalastyle-validate
1403,microsoft/graph-drilldown
1404,microsoft/install-databricks-cli
1405,microsoft/chart-parts
1406,microsoft/NH4H-GraphQL
1407,microsoft/Forerunner
1408,microsoft/monaco-css
1409,microsoft/monaco-html
1410,microsoft/Purview-Custom-Types-Tool-Solution-Accelerator
1411,microsoft/ardiffact
1412,microsoft/edu-assignments-apps-sample
1413,microsoft/Broadcast-Development-Kit-Meeting-App
1414,microsoft/Broadcast-Development-Kit-Web-UI
1415,microsoft/vscode-cdp
1416,microsoft/vscode-theme-color-consumer
1417,microsoft/cognitive-services-sdk-react-native-example
1418,microsoft/NH4H-GamificationUI
1419,microsoft/NH4H-TeamBuilder
1420,microsoft/mwx-teams-me-hub
1421,microsoft/nx-azure
1422,microsoft/landcover
1423,microsoft/Windows-AppConsult-Samples-UWP
1424,microsoft/APSI
1425,microsoft/Microsoft-Store-Services
1426,microsoft/Microsoft-Store-Services-Sample
1427,microsoft/p-profiler
1428,microsoft/spektate
1429,microsoft/DataMigrationTeam
1430,microsoft/bedrock-cli
1431,microsoft/ApplicationInsights-Kubernetes
1432,microsoft/task-scheduler
1433,microsoft/serial-monitor-cli
1434,microsoft/setup-msbuild
1435,microsoft/avml
1436,microsoft/jupyter-jacdac
1437,microsoft/ml4f
1438,microsoft/vscode-iot-workbench
1439,microsoft/gather
1440,microsoft/ts-parsec
1441,microsoft/painless-config
1442,microsoft/adx-query-charts
1443,microsoft/thrifty
1444,microsoft/adaptivecards-templates
1445,microsoft/FigmaSharp
1446,microsoft/ORBIT-Dataset
1447,microsoft/arr-grasp-type-recognition
1448,microsoft/vscode-textbuffer
1449,microsoft/painless-config-resolver
1450,microsoft/JMeter-AKS-LoadTest
1451,microsoft/winwithappplatpoc
1452,microsoft/PowerBI-visuals-CardBrowser
1453,microsoft/reactxp
1454,microsoft/BotBuilder-V3
1455,microsoft/PhoneticMatching
1456,microsoft/license-checker-webpack-plugin
1457,microsoft/appcenter-sampleapp-react-native
1458,microsoft/just
1459,microsoft/lsvmtools
1460,microsoft/csa-misc-utils
1461,microsoft/webvalidate
1462,microsoft/TypeScript-Node-Starter
1463,microsoft/Azure-Percept-Reference-Solutions
1464,microsoft/vmscalesets
1465,microsoft/botframework-solutions
1466,microsoft/ai.ed
1467,microsoft/PowerBI-Icons
1468,microsoft/AzureDWScriptsandUtilities
1469,microsoft/json-schemas
1470,microsoft/bedrock
1471,microsoft/code-push
1472,microsoft/testauth
1473,microsoft/MigrateToGraph
1474,microsoft/openshift-origin
1475,microsoft/windows-docs-rs
1476,microsoft/redux-micro-frontend
1477,microsoft/bonsai-anylogic
1478,microsoft/Bing-Maps-V8-TypeScript-Definitions
1479,microsoft/IIS.WebManager
1480,microsoft/iotedge-k8s-doc
1481,microsoft/RIoT
1482,microsoft/nutter
1483,microsoft/vscode-remote-try-php
1484,microsoft/vscode-remote-try-go
1485,microsoft/vscode-remote-try-cpp
1486,microsoft/MixedReality-SceneUnderstanding-Samples
1487,microsoft/textgame_baseline_agents
1488,microsoft/task_oriented_dialogue_as_dataflow_synthesis
1489,microsoft/unitysetup.powershell
1490,microsoft/projection-grid
1491,microsoft/Industry-Accelerator-Education
1492,microsoft/mssql-docker
1493,microsoft/hash-and-cache
1494,microsoft/xaml-designer-extensibility
1495,microsoft/AzureClusterlessHPC.jl
1496,microsoft/multicluster-gitops
1497,microsoft/kfp-event-handler
1498,microsoft/Build-Docker-Provider
1499,microsoft/sqlworkshops
